Name,Email,City,phone
Leanne Graham,Sincere@april.biz,Gwenborough,1-770-736-8031 x56442
Ervin Howell,Shanna@melissa.tv,Wisokyburgh,010-692-6593 x09125
Clementine Bauch,Nathan@yesenia.net,McKenziehaven,1-463-123-4447
Patricia Lebsack,Julianne.OConner@kory.org,South Elvis,493-170-9623 x156
Chelsey Dietrich,Lucio_Hettinger@annie.ca,Roscoeview,(254)954-1289
Mrs. Dennis Schulist,Karley_Dach@jasper.info,South Christy,1-477-935-8478 x6430
Kurtis Weissnat,Telly.Hoeger@billy.biz,Howemouth,210.067.6132
Nicholas Runolfsdottir V,Sherwood@rosamond.me,Aliyaview,586.493.6943 x140
Glenna Reichert,Chaim_McDermott@dana.io,Bartholomebury,(775)976-6794 x41206
Clementina DuBuque,Rey.Padberg@karina.biz,Lebsackbury,024-648-3804
